,sandbox_name,error_rate_cells,error_rate_rows,avg_rows,avg_cols,total_n_cells,total_errors,total_error_cells_injected,total_erroneous_rows,total_rows,total_cols,total_datasets
0,DGov_NTR,0.15997915623427514,0.7768789083385639,1804.909090909091,9.685314685314685,2458289,393275,0,200514,258102,1385,143
1,DGov_NT,0.15077913642393845,0.7499425660818253,3832.6792452830186,10.81132075471698,6527740,984247,0,457012,609396,1719,159
2,DGov_Typo,0.08908606515201756,0.6914683003632169,668.21875,13.46875,874570,77912,0,44357,64149,1293,96
3,DGov_NO,0.015708290931543502,0.1998316419585652,668.21875,13.46875,874570,13738,0,12819,64149,1293,96
4,DGov_FD,0.08433172873526419,0.6345383404261953,668.21875,13.46875,874570,73754,0,40705,64149,1293,96
5,Quintet,0.09217507959073344,0.789573927765237,2835.2,13.2,199772,18414,0,11193,14176,66,5
6,DGov_NTR_NRVD,0.15997915623427514,0.7768789083385639,1804.909090909091,9.685314685314685,2458289,393275,0,200514,258102,1385,143
7,DGov_NTR_NTD,0.15997915623427514,0.7768789083385639,1804.909090909091,9.685314685314685,2458289,393275,0,200514,258102,1385,143
