OBJECTID,ADMU_NAME,ADM_UNIT_CD,ADMIN_ST,GIS_ACRES,GlobalID,Shape__Area,Shape__Length
1,Boise District Office,IDB00000,ID,12475964.1606238,{A1ADAC52-62DC-4386-BAC0-6C3D665A6CF2},50488637643.4012,1347202.63706905
2,Coeur d'Alene District Office,IDC00000,ID,13795733.6528786,{16613705-7678-470D-81D5-BDED0207C4F9},55829576652.9552,1406823.95118709
3,Idaho Falls District Office,IDI00000,ID,18230991.4607309,{24B4DB30-C3F7-4C9D-8B12-2362DA3F2E18},73778499993.2838,1903466.00907192
4,Twin Falls District Office,IDT00000,ID,9045171.48521422,{7DBE45E2-EB63-42FF-A0AE-57D6E9C7B1E2},36596655926.8836,1141272.40988659
