OBJECTID,area_number,area_name,square_mileage,acreage,Shape__Area,Shape__Length
1,1,Papago/North Tempe,3.35348419,2146.22988473,93446426.5360107,58673.5897900351
2,7,Kiwanis/The Lakes,5.35995597,3430.37181917,149426740.069946,55956.5724096734
3,6,Mills/Emerald,6.22459129,3983.73842491,173005016.797791,85745.0972773112
4,8,Corona/South Tempe,6.29669573,4029.88526554,175531828.206299,58662.024088084
5,4,Apache,2.66515022,1705.69614107,74412821.0824585,40759.7197201826
6,5,Alameda,6.25740201,4004.73728603,174446771.775146,65099.9768293524
7,3,Rio Salado/DT/ASU/NW Neighborhoods,5.3218021,3405.95334233,148320603.957581,56445.2320093802
8,2,Diablo/Double Butte,4.80914026,3077.84976408,134115352.143311,67563.279016231
