5.objectid,4.0,5
3.shape_length,5276.59586910062,8982.85956371349
3.objectid,1.0,3
6.shape_length,3347.34226822481,3248.76697627588
6.objectid,2.0,6
2.shape_length,12834.479706104,3561.73686405076
7.objectid,4.0,8
7.shape_area,389295.6868159,2911607.29604381
