40.associatesdegreepercent,14.541167919609343,9.6
27.associatesdegreepercent,15.785497285840892,6.3
41.associatesdegreepercent,3.5646822452166864,7.8
32.associatesdegreepercent,15.10554841208438,8.1
31.associatesdegreepercent,13.449524045999926,9.2
