OBJECTID,C_DISTRICT,AREA_ACRES,AREA_SQMI,DISPLAY_NAME,GlobalID,SHAPE_Length,SHAPE_Area
1,4,6126.1,9.57,CD - 4,{53A9BDBE-D558-4A60-AB47-180128602796},124238.010052089,266850348.405067
2,3,5310.9,8.3,CD - 3,{79B3EA8B-D7F3-48C3-B2AA-7237B2FA1557},110756.978635117,231343956.026493
3,1,10252.4,16.02,CD - 1,{A220158E-D4CE-47F3-B5C1-68B9063B447E},154856.114891365,446591712.54242
4,2,11072.7,17.3,CD - 2,{2137D260-7E77-4C1B-9902-E614A61E7B8D},170319.145122614,482325983.099184
5,6,6389,9.98,CD - 6,{F4A24A92-A89A-4582-B787-5B281926FDF3},92234.6333968923,278304796.784021
6,5,8255.3,12.9,CD - 5,{582909DD-06D8-4BEA-9A7D-2D60080BE871},92855.7681940211,359599577.498163
7,7,6100.4,9.53,CD - 7,{3F216ECD-832D-49C3-BC72-0B818BC61B6B},125106.963221988,265731895.678047
