OBJECTID,AREA_,PERIMETER,STRMBUF_,STRMBUF_ID,DONUT,STRMBUF,SHAPE_Length,SHAPE_Area
641,62945841.9208,0,0,0,0,3,619299.291850031,62945840.8744861
642,2242821.07232,0,0,0,0,3,8747.25597941289,2242821.06658386
